{
  "model": "mistralai/Mistral-7B-Instruct-v0.3",
  "bit_widths": [
    "3",
    "4"
  ],
  "tasks": [
    "qasper",
    "multifieldqa_en",
    "hotpotqa",
    "2wikimqa",
    "triviaqa"
  ],
  "results": {
    "qasper": {
      "3": 0.37161320806837117,
      "4": 0.40391705334604283
    },
    "multifieldqa_en": {
      "3": 0.5021379089702456,
      "4": 0.5064606293482558
    },
    "hotpotqa": {
      "3": 0.49446740710556514,
      "4": 0.49425880892861657
    },
    "2wikimqa": {
      "3": 0.34313023872262993,
      "4": 0.33940845959321825
    },
    "triviaqa": {
      "3": 0.8804563492063493,
      "4": 0.8808730158730159
    }
  }
}