{
  "model": "meta-llama/Llama-3.1-8B-Instruct",
  "bit_widths": [
    "3",
    "4"
  ],
  "tasks": [
    "qasper",
    "multifieldqa_en",
    "hotpotqa",
    "2wikimqa",
    "triviaqa"
  ],
  "results": {
    "qasper": {
      "3": 0.4659583980349013,
      "4": 0.4603253898917161
    },
    "multifieldqa_en": {
      "3": 0.514581564356973,
      "4": 0.5330715435334322
    },
    "hotpotqa": {
      "3": 0.5318610731373891,
      "4": 0.5610474961914592
    },
    "2wikimqa": {
      "3": 0.4157442238703848,
      "4": 0.45074390142021714
    },
    "triviaqa": {
      "3": 0.8483531746031747,
      "4": 0.9013015873015875
    }
  }
}